node,baseMultiaddr
0x19a78417065c3054edca3c4b9c02f127a6c2a0ec,/ip4/195.201.220.66/tcp/9091
0x7a29701f4d08c0ff747afd102dda0c8b794febda,/ip4/128.140.41.168/tcp/9091
0x5a487f5d3a565f5b39996c0f1c99bf098e285b97,/ip4/62.178.11.207/tcp/9091
0xbecbd5d974c64b61ca1a8b7748b4465396695d2a,/ip4/31.165.78.146/tcp/9091
0xf2069d0e1e23f7e131881f151e75c62e4b9b7eee,/ip4/149.51.231.19/tcp/9091
0x51b9ad10fe0233f720547bef315c574b72cdd6d6,/ip4/65.109.231.175/tcp/9091
0x77755d8df095c8c5862e92ab56e6558e1d87ea4d,/ip4/173.89.48.148/tcp/9091
0x991bb29b20b3ee9d17207f6625a0f2f92e06521a,/ip4/178.254.34.116/tcp/9091
0xe6b8131b1d774a7d70b3784a5aaea27f1123be42,/ip4/95.216.197.139/tcp/9091
0xf67ace21e7d857044faedc80a4755a9451d9a828,/ip4/161.97.74.114/tcp/9091
0xf564623c5fdf3a1572d476c68d957884131f040b,/ip4/65.21.0.86/tcp/9091
0x2e0f4f92fc2573e00a44239f8622ab8521c4270b,/ip4/212.3.195.43/tcp/9091
0xd7543cac0e26e7daee61bb3b533e3053311d159c,/ip4/95.214.54.198/tcp/9091
0x1e35442c8fa7bbb14f32f5ae933e2abe1821a303,/ip4/88.217.142.242/tcp/49123
0x0b719bc3ce484321b7ded5fe5a6523ca400a815b,/ip4/198.135.52.170/tcp/9091
0xcbe8726c80cc0d7751b9545dd5a4b5b0e53e383d,/ip4/35.242.216.67/tcp/9003
0xe3cedfad9cb6d5e9e12b5e6bb38a94550d736336,/ip4/217.70.251.189/tcp/9091
0xd1bca44ab117531223a0c47679b6fa022a49118f,/ip4/192.30.242.241/tcp/9091
0x403376f6e95ea5f6653453366e4ff303c00afb64,/ip4/192.30.242.78/tcp/9091
0x6255cf0d5e00dad58fee6a5980cb78fa8d99e083,/ip4/144.91.76.171/tcp/9091
0xd96b5a1ec10dda1a9a01c25ada7239073bbc78d4,/ip4/85.206.96.234/tcp/9091
0xa6f569bcf3a0c772afeb22c49879d4b44462b21a,/ip4/5.75.174.232/tcp/9091
0x43f0eddf90e11c23a1bc5ce352231fdc51e7be84,/ip4/88.217.142.242/tcp/49117
0x05752909aa70f62d4f703a0a08fe70394eb98429,/ip4/116.202.21.233/tcp/9091
0xbd6e77e2b40e1613047479b0c7c720041d4e3f8f,/ip4/199.175.98.54/tcp/9091
0x4a5d82c5aabe7b8203a28bc01ebd846041bf4924,/dns4/d03a89bde3d03d1a.dyndns.dappnode.io/tcp/9091
0xbe53e22c26295ef6d7e8aac4910297e4a3a8a1d6,/ip4/176.134.201.1/tcp/9091
0xbfe6f8aff7b8d0e00817e097fa99160f823d9102,/ip4/45.85.249.21/tcp/9091
0xfd73f817fdab136204604bd86714c7d87b7797a9,/ip4/195.3.223.103/tcp/9091
0x8de95cdc3291152381f24226422ed9c08beec146,/ip4/162.19.155.111/tcp/9091
0x95eedb1f87e26209a320e15541bc62748296c97f,/ip4/95.136.123.103/tcp/9091
0xde3d4457cc7d728ef359ac25f82eaab3a76e3d86,/ip4/70.34.201.87/tcp/9491
0xf0b941b52f4318ca30710658af0797cf648737e6,/ip4/31.220.75.77/tcp/9091
0xf9c495246386227620a1acf3cf276cd299f69c56,/ip4/88.217.142.242/tcp/49122
0xbba6eec0fa9f359b85258ab258323d36b4476464,/ip4/116.203.112.201/tcp/9091
0x5adb3ae9e9b6a218ce7a2cfa5109299ead462868,/ip4/49.12.239.153/tcp/9091
0xdfbc6abcb5cdd284cd69825f802ee39e43526c80,/ip4/128.140.118.60/tcp/9091
0x60cbd9add55f7d5744e03844033962c337f490fd,/ip4/199.175.98.49/tcp/9091
0xb816eefe4558b19e09331f3d7626e50ace74cfbd,/ip4/79.184.0.21/tcp/9091
0xbb3862ad511601a4922f95a11662b635011b1c49,/ip4/217.24.161.110/tcp/9091
0x30d72ba3c1167472594edff754de851b1fda4cff,/ip4/198.135.52.84/tcp/9091
0x196af47928f8a63f6af2684ce75a602dea6aa4c2,/ip4/167.71.74.89/tcp/9091
0x220b2eb80e0a9465ca1b15d54515bc59c83df77b,/ip4/194.163.176.88/tcp/9091
0xf12f22d676dd11026741d2a6ca224aea467c5c5d,/ip4/95.217.67.130/tcp/9091
0xe733080041c91e842cbf0d37fa83c3095fc8abfc,/ip4/76.198.31.139/tcp/9091
0x86df5dadc0f2f1e3a2576947609a5bed04584b15,/ip4/65.108.82.247/tcp/9091
0x4c9f898cc051643ed85d72e6504f02d27ee57786,/ip4/107.155.80.50/tcp/9091
0xbfcd193c225eb915bba45359c04afdf565c33ebd,/ip4/173.249.49.172/tcp/9091
0xedfb6909f63566f0f7f8f165cc9fb5647f845823,/ip4/66.176.23.90/tcp/9091
0xcb055aa39957bde53da6c0617ce9dadfc4b15a6d,/ip4/50.21.189.151/tcp/9091
0xc81f35aec161a2f79019a64bcc406ca15979f60a,/ip4/94.131.13.229/tcp/9091
0xbbfbebe1bd63008e4ddd20b6a6ee5890e6f8bdb8,/ip4/198.135.52.167/tcp/9091
0xc6c8e3a887e7db7413e53050e9617002831042e3,/ip4/35.242.216.67/tcp/9007
0x049a7c790c98c9f613f0f4afd164783f22a6971a,/ip4/138.197.182.20/tcp/9091
0xfa73af5609d354acd0f6e51f77c04d228c370813,/ip4/85.14.247.158/tcp/9091
0xe2f097ad8a1c6535804e6e2ae255e911f4423a77,/ip4/135.181.192.189/tcp/9091
0x5a407aa0028568a75a67791fc05362cf77f5b837,/ip4/49.13.10.109/tcp/9091
0xdcf5cb3bd285dea6827bf84709698fa55a8a209d,/ip4/176.240.245.115/tcp/9091
0x3a7a2961b054b6f96b2e65bcebc1a9b6338dba97,
0xf64b1912fc6bbed9ddc7e9b345c60ef7ed6d2d74,/ip4/135.181.39.223/tcp/9091
0xa4642c066c1f8927db9d34abab599af784a2cff0,/ip4/35.242.216.67/tcp/9002
0x1dc2675248bd49c8c668916f3417d26bdb928246,/ip4/199.175.98.48/tcp/9091
0x0961bf83e22c059ef1b39360293583e28b864d8d,/ip4/88.217.142.242/tcp/49104
0x6280f1e0631c670101f69caaf987b67eaed61f28,/ip4/109.205.180.172/tcp/9091
0xc12f264800f10e3e582a63a822fcb0b8bcc6c105,/ip4/74.212.157.219/tcp/9091
0x3d8ae376362a43f3507c24022d45774acacc267e,/ip4/199.175.98.41/tcp/9091
0xe1eb9d6d382ce2b087bc2cda49f27a7e3d4f7fb2,/ip4/88.217.142.242/tcp/49101
0x01ba49fca111693b9145b280fde6e6cc95e0a65d,/ip4/88.235.222.34/tcp/9091
0x27183ad128a67523971f2e92b59c898ab531d002,/ip4/88.217.142.242/tcp/9091
0x7e5e53560e1b8f08118e76d53f38e022aee25862,/ip4/93.115.20.132/tcp/9091
0xf5f996288f87bc5f8e04aa1e7b820060c2455964,/ip4/23.118.238.41/tcp/9091
0x545e12b509e51de550a2270f3f8d56c1ca7b4ea6,/ip4/88.222.35.45/tcp/9291
0x5370162922c63b855034e4018ea6680304a57174,/ip4/49.13.15.119/tcp/9091
0x062f660242de6575a15250f54ed6b09411011e78,/ip4/218.39.177.69/tcp/9091
0xfa30695e20f740b4fa6d0bf7fbaa4789d35968d8,/ip4/65.109.172.50/tcp/9091
0x351143876be01501958353dafd99e589207c5752,/ip4/88.217.142.242/tcp/49114
0x3f2a09166433a408f518ee34b5b2ad78f114e484,/ip4/34.90.222.57/tcp/9091
0x440cfaa1503680a15b14408e3b8f717d2a021a63,/ip4/95.216.208.130/tcp/9091
0x5de19f89b714dadc894c74cbfece031b9a1fc26d,/ip4/85.208.48.246/tcp/9091
0xa42cb517152d2bd0ac90a0d6dcb362e7a3153728,/ip4/65.108.206.118/tcp/9091
0x4ca9d39fc1242b806c765c742d601eb32f691f5b,/ip4/198.135.53.195/tcp/9091
0x9925b9846e6e289e1c7f8a0554bf6900757491ec,/ip4/84.46.240.49/tcp/9091
0x8badb2ad73190ca451895c6cd4aef8b6ae80312e,/ip4/192.30.242.79/tcp/9091
0x018bdca130e4c7d865b1533c5ac65b0d90cff647,/ip4/38.242.159.161/tcp/9091
0xc440419850680e4f9ad8089b011915b24bdc0759,/dns4/srv20.mikr.us/tcp/40177
0x5dcef6405bff60655b5e87f00796ebc2e9ae8fa4,/ip4/192.30.242.242/tcp/9091
0x9dd151e63d044680b5329d297cd1c98c4c1921a5,/ip4/65.109.6.71/tcp/9091
0x21acdd90f62cbe76273b6d1412b6a45db20ee7af,/ip4/95.165.4.70/tcp/9491
0x9261303fe593ca3ced719213a9adfcd13162c9cf,/ip4/45.67.217.213/tcp/9091
0xe4236f6f97ab2369c6ed04f89b7ef807227ab4e1,/ip4/35.128.12.162/tcp/9091
0xb0b9963ba09791e96f17a845155a6ca52092c042,/ip4/199.175.98.57/tcp/9091
0x41fae03656dca4d7525145d9869c197e2659cb57,/ip4/185.117.0.58/tcp/9091
0xda3e2c345d72d15240364214b242849754c9a43e,/ip4/31.29.226.204/tcp/9091
0x67f3d385a85adb61170a30dac8d70bb575db93bf,/ip4/199.175.98.64/tcp/9091
0x0b9bffee5a2f699aaa59515f5925e97d9848b614,/ip4/46.196.73.150/tcp/9091
0x0d462629f8d10c9d14ed9bbe367305c3595cccee,/ip4/46.186.82.36/tcp/9091
0xb0117ae711702b8207bd9efc839c16c0901de471,/ip4/185.111.172.183/tcp/9091
0x403308106fb1a7191ab04491f7399275d82551e8,/ip4/91.211.83.212/tcp/9091
0x81ae34b6a73af4369ab5f1aad81b13c94530a684,/ip4/65.109.104.118/tcp/9091
0xfe28d6e8280c827b0b079e4bd4bf746a396d8d4e,/ip4/199.175.98.51/tcp/9091
0xd63ba96f96f7cbf2b2f1c57da41948df533e860d,/ip4/198.135.52.81/tcp/9091
0x4bfec6ddff86eb7dedb649da7450a3a6d5820035,/ip4/95.217.3.24/tcp/9491
0x978f09ab34906f64cf2d8736d72b89c93a2df5e0,/ip4/5.75.147.51/tcp/9091
0xf9a9ac6a67f755cebcaceaa047e271490be0c640,/ip4/178.254.33.145/tcp/9091
0xbc48f168c42162921e8411f2dfeab98730907882,/ip4/51.91.10.12/tcp/9091
0x557eae5968432ca52244f16bd364308777b49c63,/ip4/199.175.98.31/tcp/9091
0x3d3bbd36a0e38d48b2e64503f25079234f5427a2,/ip4/104.230.246.236/tcp/9091
0xe9c730aa8e026f5b8de9bcacf0d0eb155d52609b,/ip4/162.19.155.111/tcp/9092
0xff7570ba5fc8bac26d4536565c48474e09f37b0d,/ip4/217.28.82.105/tcp/9092
0x9e635aa1e305fbfad32091346f6372b49c935e3a,
0x8ba0124a9bb039ed944efd53d838064027dc56cf,/ip4/84.224.171.175/tcp/9091
0x8f08e270b3c163898eed4e08ed308000fad6d8c2,/ip4/135.181.81.142/tcp/9091
0x7548461d2d1bc4ba60634a64792e6b1549eb5356,/ip4/198.135.53.78/tcp/9091
0x602d750134bbd3d5629e10f3681a5c284b7dc132,/ip4/49.13.51.251/tcp/9091
0xf62ed730c314f77e76d383e185f34638ce034b90,/ip4/49.12.78.81/tcp/9091
0x6f03e27b157befd3224f6e32cf9d250523948371,/ip4/80.74.128.217/tcp/9091
0x4c4c6c135a3c6123235ff290447977df7af12c02,/ip4/65.108.210.70/tcp/9091
0xa841913d43dcc07e3170dea78c07041cc3996650,/ip4/88.222.35.45/tcp/9091
0xc199fbd73e051a73af49108f3a79b1f6e3a324f6,/ip4/149.51.211.232/tcp/9091
0x5050ea5e5957f36f2dbc3cd1de1f77769ae4cd27,/ip4/128.140.14.245/tcp/9091
0xed04f9fbf9160793fff7532df3860c70862bff4e,/ip4/162.19.247.195/tcp/9091
0x70e27c07a89f63b9dfaf3f6071159749ba04d477,/ip4/85.208.48.246/tcp/9091
0xcb0f5936b774bb82970fc2d50197b2437c908895,/ip4/89.179.240.210/tcp/9491
0x6e0a6cee36dde8ec05fc9eb121dafa2c118b6c51,/ip4/88.217.142.242/tcp/49098
0x8d081656913f1e7bf0fc516ebbadf117775eabb2,/ip4/108.28.16.18/tcp/9091
0x8fe06b7c2b6b1dcdd1e23edef14b2ad16e0cd508,/ip4/88.217.142.242/tcp/49108
0x7d852faebb35adaed925869e028d9325bdd555a4,/ip4/34.159.20.69/tcp/9010
0xb7dde63eb9d91f0b6dc70f8d8ffe0f1187d3b3e1,/ip4/85.206.96.234/tcp/9091
0x7c1878ed46f57124d65225555fe8cb793ec7450b,/ip4/78.47.65.217/tcp/9091
0xf3de249c636cc059c44f26925f7b0745a475c882,/ip4/194.60.201.144/tcp/9091
0x5e2f7920e6939d9a502e00ad60808b7b2478483e,/ip4/207.180.236.118/tcp/9091
0x5c3d220a24d1cee70032282c5aaa581a101383fe,/ip4/5.189.135.108/tcp/9091
0x4eca92a298c445ebe7af202273030abd36011b44,/ip4/128.140.50.93/tcp/9091
0xb9429bc7827aefc8c99e74ac8f1f48fc397365a5,/ip4/65.109.26.149/tcp/9091
0xa5e74cf5a4a243bba083e3ffa2e5f202de71a794,/ip4/77.97.236.204/tcp/9091
0xdda77302f9abcf318e43c58835ef7bbace747997,/ip4/88.217.142.242/tcp/49126
0x932cb18a0663fac8c5fd5d3bbd9a53d89ac2402e,/ip4/65.108.69.42/tcp/9091
0x8b252b9c8fa8e8857aa51cc90d207aac34bafc90,/ip4/38.242.129.41/tcp/9091
0xc2a6a0cd2335dfd815ebda2c377470886cdc55a5,/ip4/198.135.53.76/tcp/9091
0x0f375299ace67dd161a43c4d1202cf36e82c6ddf,/ip4/173.249.31.248/tcp/9091
0xcc439312cfe5f4ff54cc4ba01ee7d2e57230411d,/ip4/91.211.83.212/tcp/9091
0x7af05c4cc5ff33ba6260ec61cefaaeddbd5ecf73,/ip4/181.61.209.21/tcp/9091
0xa3c372301f1abe885d93abbaef364686ab78b29f,/ip4/181.214.99.129/tcp/9091
0xe8eae3e9d4159a041a80dfe31957564e239e9975,/ip4/185.225.233.253/tcp/9091
0xbb4e23d59b4735e14ef26aa48750af5e9685d460,/ip4/88.217.142.242/tcp/49102
0x2d002d0ad934f8dd1bcd0b027521c535a7c5c846,/ip4/198.135.52.85/tcp/9091
0x6bc5456a8a90f58eb3a0d4789c47060964238f1d,/dns4/robertkiel.dev/tcp/9191
0xf3cde733a4899e64aff10fed59f9c6b8ece7e138,/ip4/89.116.25.155/tcp/9092
0x4ab504e3805780637ebb3f25e9b34e928d8e5383,/ip4/65.21.245.19/tcp/9091
0xaf695285f8ac0ec525ed0742056511b65de55b44,/ip4/162.19.155.111/tcp/9091
0xa6504b06a3dd5762eba0a00b884d6364ebadebc9,/ip4/82.146.52.63/tcp/9091
0x9ce3e5b6aae13e894ecd2f7198c660c93dd4697b,/ip4/65.21.243.151/tcp/9091
0xeac44aa0bb7a4c8ea092b0f0c13e160ba450075b,/ip4/178.254.34.116/tcp/9092
0x219261727a638b4cdc2d1f9fd9b046a5dc4bb412,/dns4/hoprnode.hopto.org/tcp/9092
0xb26de08f83ee908363383759304c137149aad3a8,/ip4/89.116.28.222/tcp/9091
0x2327a198ce9eead2fd2183b9583993d3bf6d9457,/ip4/78.47.109.179/tcp/9091
0x76732fa31cc5519b22cae8634248117849e1e114,/ip4/184.23.212.125/tcp/9091
0x17545025c20cf63a097db4488a554b764483ecf3,/ip4/95.217.106.105/tcp/20419
0x0cd04c05c25b760790c9ba55f2cbda05dfe00aed,/ip4/199.175.98.53/tcp/9091
0x72b1e49166e466f3f8aa3df1d6c1cb61bcc4c04e,/ip4/5.75.173.87/tcp/9091
0x14a231827e4e91ca4d556f0247cb2d92ef448357,/ip4/192.30.242.77/tcp/9091
0x1ebbb29e759874c076cc5d4a6fff159b30e24d2d,/ip4/198.135.53.196/tcp/9091
0xd1d339a96f600b47776e11e17ed44dcd04e89bfe,/ip4/198.135.52.162/tcp/9091
0x8019c2cb530214480fa963f193e32d6a4df8a610,/ip4/50.21.176.248/tcp/9091
0xee4ea318d8f12a48ad59932027ee467c70803670,
0x35c438a933a66fd9eef6e2f0adc2737632f036df,/ip4/185.218.126.175/tcp/9091
0xa81cefdbc15654c5e6448e31005d2baf19677a04,/ip4/89.163.128.110/tcp/9091
0xc5d14c38ca45d61c73ecde2bd39ed162fe3f7711,/ip4/173.249.13.193/tcp/9091
0xf3cf579f5f95aa2232492f3581ad6e138704fdc1,/ip4/88.217.142.242/tcp/49113
0x57e9964b709ad126dc36cc6d1d2c877128ca1c61,/ip4/65.109.164.194/tcp/9091
0xfe7b9276f7235adbcc77036488aa9149b4c0248f,/ip4/199.175.98.62/tcp/9091
0x4d32d3a01fe72fd45ff798eed97bc8306602e404,/ip4/85.195.206.250/tcp/9091
0xd30f8f6e5865d7ec947e101b1d6a183e9776ba40,/ip4/35.242.216.67/tcp/9004
0xded9a72a1bfa2c5e74112359125bdf39031a6417,
0xa55aa7eaf47a639b6b3fb8aba0051eb2bac88026,/ip4/65.109.92.240/tcp/9091
0x6083061d01157db1ebdbf8d711c087d5a99b61b9,/ip4/87.17.4.226/tcp/9091
0x82c0006f16e82f313be22ef166790ccac83036fd,/ip4/135.181.102.142/tcp/9091
0x43f2b851a0d5f0f77d7824863378d14c77f0bd63,/ip4/135.181.197.220/tcp/9091
0x32165b9c7bb2b057341a38b003af8d2ebd996e67,/ip4/94.126.19.108/tcp/9091
0x0f14f6a9d0f1434b5cff696678899e8bc77ac12a,/ip4/38.242.237.83/tcp/9091
0xbe8644edb98df2590c8a9641fad187c8bd147f48,
0x7cafae40005df7c759de08e88599852be15ce44c,/ip4/75.119.141.185/tcp/9091
0x4529c70c711b014f9e6f537812d4c30dc12fc2d3,/ip4/5.22.218.89/tcp/9091
0x6c6cac75f96097bddf76b725ce3450883b8f66e7,/ip4/95.217.118.232/tcp/9091
0x098c33a07281bfbb9010b22ea16e0500789fc6c3,/dns4/srv20.mikr.us/tcp/40173
0xbe70ec1397ba69fee4f152038d9dd42acaa60691,/ip4/95.217.215.176/tcp/9091
0x0aa6189f7a9ccd0750c42098af4d6f63ea1b176d,/ip4/199.175.98.67/tcp/9091
0xa9ea78b6b1cce92501a67ec624e19efead9be2e4,/ip4/82.223.43.162/tcp/9091
0xf8293cc66a993e525217fd09e101bf3eeb9a009a,/ip4/149.51.211.233/tcp/9091
0xec5d2f6fc9d9b11c2566bb0519291ce380c63439,/ip4/178.18.254.178/tcp/9091
0xcb1f29d6fafe7cafac27d6d9ffb6ae53b63d361b,/ip4/95.217.219.5/tcp/9091
0xa996eb759d44c8e2ea2de764ae031231678fe8b0,/ip4/135.181.207.43/tcp/9091
0xc65525f2af82eb3d0a5acbb54b3f7771860f61e0,/ip4/31.165.67.252/tcp/9091
0x7c4a5ccde0a3137043c16355026e41f4d1ca09c0,/ip4/38.242.218.48/tcp/9091
0x5365b4e5af1221c10539e5b9e05a54bfe17d1eed,/ip4/195.239.181.116/tcp/9091
0xabe9e59b681ab5a57438ba13b143370ef4e3bfdc,/ip4/65.108.216.137/tcp/9091
0x74e6fa7bd04650456a1b1ca520ec927c99e93f18,/ip4/161.97.138.202/tcp/9091
0xc3042db23326a776db4bc1b06454b63d5ca84ffc,/ip4/95.217.185.1/tcp/9091
0xa4bd33428787d07c8c5d8c0db552c19e08a53b87,/ip4/205.209.121.110/tcp/9091
0x09b19bb44457f41b32bcb9cc17bdda623b41449e,/ip4/31.220.80.119/tcp/9091
0x731e302f0708f1cefa824cc3d5e91eed033337a8,/ip4/23.245.75.54/tcp/9091
0xa7bd8eb8922af63ba8cd0a0107dc06edc34f6bc6,/ip4/161.97.139.138/tcp/9091
0x7cc8f13d4c28b0a1af3611ef85ff3e1c803b6b29,/ip4/46.196.73.150/tcp/9091
0xa58ec9903621fba94dedeac55ff8ff3a3362874d,/ip4/157.90.145.239/tcp/9091
0x15fb25105dfee57d4fb144dac044048f41dcca2a,/ip4/5.75.231.24/tcp/9091
0xfbcee655f691eebc1f72706219afc9a3ab7a7584,/ip4/88.217.142.242/tcp/49105
0xece0250a52b30526d3ee1bb9e1c6304cd07d1039,/ip4/194.180.176.18/tcp/9091
0x5bca3f6f43c859f4d96eef95a46ea5419aadf282,/ip4/146.0.191.119/tcp/9091
0x6c95eebeaa1c9637f9af6c55bf9ff0e414fee705,/ip4/161.97.65.199/tcp/9091
0x0bb1f333d1ea571733689d9a6521d467cd5a984e,/ip4/78.47.203.238/tcp/9091
0x5325e6a49d06ded5a28d8600ba00655a54e3c7d9,/ip4/35.242.216.67/tcp/9008
0x11d7d64cf1cf0984bfaf52274696c511d5742594,/ip4/34.90.249.250/tcp/9091
0x381bc02e2c3619d9ecb7c028a30f979583ce62ef,/ip4/31.17.15.128/tcp/9091
0xf7adb6cd145c846c3805dc2cd57f1ca6a1800803,/ip4/159.69.50.196/tcp/9091
0x6d17f831ae4510a7ddf9c1e46c4e30f1deb2b094,/ip4/149.51.211.229/tcp/9091
0x17634ef93ca8f133a9200fb90ef469fd8d546fd0,/ip4/45.128.3.158/tcp/9091
0x4b222d4f83f778434e99604c02c9ae67263f0ead,/ip4/88.217.142.242/tcp/49091
0xd036be7f461937994b075210a87c78e842d937c9,/ip4/88.217.142.242/tcp/49120
0xf7f1f61f8c39b3034e294887e76c6b1ccee2f9e1,/ip4/34.159.20.69/tcp/9012
0xc28ba8bc250c0a43deaa36f94d44ee88abc90fe8,/ip4/167.86.85.169/tcp/9091
0xa6e20d0d75c8b4fd64c738886ee11f1774b25d35,/ip4/65.21.224.248/tcp/9091
0xb0c8c9293c501237654ffdbe0d24ed26434875e9,/ip4/65.109.161.241/tcp/9091
0x7b14cbde09a42c0eab6687ff9b78a50865a43979,/ip4/167.235.71.71/tcp/9091
0x1ade84ae0b346711746a180bc893446711c3ae63,/ip4/88.217.142.242/tcp/49128
0xcdd7117148b6f2975815dd39d99bb9ed4553842b,/ip4/103.152.23.92/tcp/9091
0x96d20376f1a35d54d5b1a90b91283c6e539a2f25,/ip4/195.3.221.186/tcp/9091
0xb816048acb96fa6d004fb2f408c8b0e1c85b8f35,/ip4/199.175.98.43/tcp/9091
0x8b5faec6c4f7735c986d49d7c690b60660822861,/ip4/109.234.37.55/tcp/9491
0x03c16000c18f462bc67d13e8eca3d07e2a6d414f,/ip4/213.55.241.193/tcp/9091
0xd64855d855d4a6cd587ff81055b8abd6842636fa,/ip4/135.181.133.157/tcp/11211
0xe2f997e83017663539535f3c06458c4abcf2a1df,/ip4/134.119.194.149/tcp/9091
0xc469aa95fe34b4441286996137e3d691118e3f79,/ip4/88.217.142.242/tcp/49094
0x1877458695df047d9630b8aec9a966a842ce78cc,/ip4/185.185.82.68/tcp/9091
0xb00c73e6938cf354b0e1ebaf49b470a3d2b2cc06,/ip4/77.222.60.187/tcp/9091
0xa318d2f6962e4d1f3fab56ca400e09cfcc152935,/ip4/34.34.50.142/tcp/9091
0x7ba9249918e6f25db1b64e0051dc8ce75668138e,/ip4/149.51.211.234/tcp/9091
0x95ef76776ef97a48d6a5ca90bcaf96e81b46b019,/ip4/185.190.140.247/tcp/9091
0x4d36417852c06212019459916d908502a67269ab,/ip4/198.135.52.123/tcp/9091
0xc3ba6138af9e34f2881fff8f8e4731752ed1fd16,
0x8c74398ed34fa876aa0aca7e4bef44ab681ea0c4,/ip4/198.135.53.11/tcp/9091
0xff7fa7891150898e8d8ea4b6cbf5d6ce5688e439,/ip4/88.217.142.242/tcp/49095
0xc5d648fb8f183685a2886bf2f35c372eddd7d338,/ip4/161.97.65.206/tcp/9091
0xc75e21ad06dbc0d1522c982a885afb529b03ed7a,/ip4/103.152.23.94/tcp/9091
0xf3bb86e7f0fbefc45d86da1125211383536fa1e2,/ip4/178.116.92.85/tcp/9091
0x2e1de80396eb3247f40aaf2fbabc7c28e7a92efe,/ip4/88.217.142.242/tcp/49110
0xc4779033fad0c5f1a97c0b2d2fd3c0529548c6b2,/ip4/85.127.62.113/tcp/9091
0x75290dd22be7084e2fa2ab500d13d1047974dd1d,/ip4/24.111.99.226/tcp/9091
0x5a5bf3d3ce59cd304f198b86c1a78adfadf31f83,/ip4/35.242.216.67/tcp/9009
0xa826aa4d5c9091579cd04ff6593fdb52d729ed23,
0x6414959b749680e75677df714988cfb7c976079e,/ip4/202.61.198.245/tcp/9091
0x3f3af1a7d9a653f8170fef1b69064b00f778a034,/ip4/85.59.152.72/tcp/9091
0x403044172c35a32e0c7f7c79c15e755d0d078945,/ip4/90.91.139.121/tcp/9091
0xf0a9442f30768627a7ba82bf80d826dc6f155f97,/ip4/136.244.110.85/tcp/9091
0xc4d2c37e194383dcc18ce7edab9f6d9ff14258f3,/ip4/135.181.42.77/tcp/9091
0xd60cd3df032e70d900f2e66aa8a437b70a511a88,/ip4/90.91.139.121/tcp/9091
0xd6e99a84fceaaf0b477a7ebc2b6e48fd47108946,/ip4/31.165.78.146/tcp/9091
0xaf838afdcdbc0e2b26001aa5b8fd89ec6249ab8f,/ip4/88.173.239.217/tcp/9091
0x2168fcd793a3967fa4bdd66f534c4fc811124439,/ip4/144.76.30.235/tcp/9091
0x18ef4009b1e49af8dbffdda61ee5c4849b8a4f7f,/ip4/82.66.176.243/tcp/9091
0x101821f3f0dd8e20d2a922e4d13c35670fc7ff38,/ip4/80.31.232.59/tcp/9091
0xca8ded69254dcadc4c3292f0a2bf2c4d5c491b2e,/ip4/51.154.16.211/tcp/9091
0x6fac4908520e79b62c83b0524a7968cdb8c2b1ff,/ip4/173.249.13.193/tcp/9391
0x7f7237f16f04391e149fd04b2ebfb8759c6732ef,/ip4/88.217.142.242/tcp/49115
0xe24377e2c964cfe541c578ed22dc6147935b79be,/ip4/5.75.250.233/tcp/9091
0x9a03ca94efcbe9fe2e9c5a2a18af71606e773dba,/ip4/38.242.147.167/tcp/9091
0x14461a04501ad573680ebbc8598fa21f8a78c55a,
0x789a585f577ebcc431591d221d6a7781b6e93d77,/ip4/149.51.211.231/tcp/9091
0x81ad8e1242440b098df19bb5f0ec777566bc16bc,/ip4/128.140.52.15/tcp/9091
0x1abe6e4d0f1958f136bf54c30ae8bc393d7ec9f5,/ip4/173.249.54.147/tcp/9091
0x75cab9d4cbc2dc3bde3cded057668c36a07aa930,/ip4/185.124.64.210/tcp/9091
0x1ee204fab4a37a6c35a7b4edb37deb63aef3d342,/ip4/173.249.26.227/tcp/9091
0x2a820af8700de47beb305b5d1fe890a14bf94d8e,/ip4/199.175.98.50/tcp/9091
0x0350bb415e8c095ca41b286113333995ec7cbf8e,/ip4/173.249.42.137/tcp/9091
0x5c4d9d15aa67a7a06e595d006e4667bd140acb66,/ip4/199.175.98.17/tcp/9091
0x3270e49da4af2c01c6884cf0c09bbdee11831173,/ip4/176.126.113.239/tcp/9999
0xb8cd81bb7edd36c1240a2c51cadbbbf9b7e73edd,/ip4/34.159.20.69/tcp/9005
0x0b92572190ba73a99705b42256d1421365df8c85,/ip4/198.135.53.82/tcp/9091
0x10b31446016c83cb4f0a19e0de7d541c62857d10,/ip4/116.203.150.54/tcp/9091
0x746fe02fa6ae948d5dfcb458158ee6915b552feb,/ip4/135.181.222.180/tcp/9091
0xa18e9147ef1b60720cac2e2e0f7b758017f4dac4,/ip4/198.71.48.38/tcp/9091
0x02683d5a0526e2836e72bf689fd100eb9f8453b2,/ip4/78.47.226.130/tcp/9091
0xba1ecd960def530f38e38d805c4f1770a7bbd402,/ip4/34.91.95.97/tcp/9091
0xc45e39d2f2bb5e37afb296482ca5f07448fdbe3f,/ip4/65.108.89.173/tcp/9091
0x0cdf2b1dc32a1c663eae92b358d01cd01ea76c6c,/ip4/128.140.80.1/tcp/9091
0x6d351f7027a80ede4ea4555e8dba533ac72ea7db,/ip4/185.125.203.179/tcp/9091
0xb83d541265512f3b5db895ab317fe3bd76e3b938,/ip4/135.181.133.157/tcp/12100
0x77d7b5fb04dbcd66dce8346358396bf0b0f73a65,/ip4/167.235.152.217/tcp/9091
0x1cdccfeca5d93efa4fce4bd70f304fad6067c72b,/ip4/23.88.99.37/tcp/9091
0x3f0136633382d5dca0f5a0edb0611a73446eaf90,/ip4/107.191.40.91/tcp/9091
0xf1896fa9c87cb9229110b6d00df69e844d28dbe3,/ip4/198.135.53.113/tcp/9091
0xb10c9b7eaaa8e0b3f7950438ea8342ffa341a11d,/ip4/13.251.127.246/tcp/9091
0x4046ffbe5fc0942aa870213b09cdfbde0aa53534,/ip4/34.90.249.250/tcp/9091
0xba2926b5893fef56553426ef4eee66d56ddd04db,/ip4/161.97.90.10/tcp/9091
0xf27fa15051617296f38d281283fdcbf8882407fc,/ip4/195.201.102.214/tcp/9091
0x5b52b59c7f10af6b65174642891a0c24d02b7e42,/ip4/37.27.20.245/tcp/9091
0x1703e652cf1067113112e635d876c2edb1134858,/ip4/99.252.88.119/tcp/9091
0xda080ca4ec74c83a8fa5b6521f2710d03170f255,/ip4/116.203.135.10/tcp/9091
0x2fe7203d264d8d61460464fbf8374f133e9301fa,/ip4/185.137.122.118/tcp/9091
0x0db54871983dfa448f00fce0a6480acbb2365e6c,/ip4/62.227.95.225/tcp/9091
0x633e783a4b0fbd063cf9aad9c5b41f50cacb7a71,/ip4/75.119.142.19/tcp/9091
0x9db11966083e5893f444bb93f1ca7f2c4bdc7312,/ip4/88.217.142.242/tcp/49127
0x24b6b9081603c8a9c0a82e9afd2187f0af072013,/ip4/149.51.211.235/tcp/9091
0x0c8e7d2ad9720eb842d32c2713b8885433704553,/ip4/88.217.142.242/tcp/49100
0x748711557579e80f6cff1d6ccbbaa79e223740bc,/ip4/178.254.34.116/tcp/9091
0xfa5cbb1ed078fcc7e25b35ad08215da17cf04be4,/ip4/89.150.140.81/tcp/9091
0x9b5fd97e5daec2e915a2e4e447ce85580da59159,/ip4/142.93.5.175/tcp/9091
0xaabac41496455c1cac2c550c4dbc9ad51a1da14f,/ip4/65.109.92.241/tcp/9091
0x0916f994fdc01d4e9428ddc3f399fdc0337aa106,/ip4/84.46.248.108/tcp/9091
0xd34096102f4fab5e3647eb1a5a99a639ce26a21e,/ip4/149.51.211.237/tcp/9091
0x4b0a9a61be2b82c5f57c6719879e541d832af29f,/ip4/116.203.200.252/tcp/9091
0x7b00c33da3c9b6d019e1b1229126e6852dd47222,/dns4/7992f7b5542d0db1.dyndns.dappnode.io/tcp/9091
0x0d49c8379895b4d1b8f17f176057364d564607ed,/ip4/78.46.126.71/tcp/9091
0x7838771635cd80cee269085de751420a212cad55,/ip4/168.119.167.180/tcp/9091
0xf6474d636fd73b5e7cf134d7202b9cba33bfadbd,/ip4/31.220.95.216/tcp/9091
0xb3a0e294786dcf92b9465083d68cee3b96718eb1,/ip4/13.251.127.246/tcp/9091
0xda45fc48fcd4ac99a3fae9c1eb09e25331dd7851,/ip4/217.28.82.105/tcp/9091
0xfcc30ccecf890362d66194659f4850acbe84b08b,/ip4/85.208.48.246/tcp/9091
0x193286d6b1c040bd41e4406e03aaa7fb423547a4,/ip4/65.109.165.90/tcp/9091
0xe306e4eee9bb0adf59b4c3d13700a410e80ac9ba,/ip4/89.116.29.108/tcp/9091
0xb8193762f83a568cafbe3c373249bd5da0686a6e,/ip4/128.140.88.52/tcp/9091
0xcb7d61301cb61598b2979050930d18feb21ababb,/ip4/198.135.53.86/tcp/9091
0xb077bc60c58c5c4dadeae32fdd7a4c4afea7a928,/ip4/65.108.89.21/tcp/9091
0xe136461e97dd9742bfabd2f9d79e49fb6b810af2,/ip4/142.132.228.158/tcp/9091
0x40c25d1bbade92636eda9a51599d23befe6c54c1,/ip4/128.140.94.211/tcp/9091
0x70ccc45fc99891ee21f8c10a9632c37f133607a5,/ip4/135.181.82.212/tcp/9091
0x469f588c37c4d7b847f4e4720df54e6bcfc9ca04,/ip4/135.181.29.229/tcp/9091
0x6cdfc5da12ac2213653de8996480f01a9ca6ea4d,/ip4/178.254.1.203/tcp/9091
0xeaa011810177a109dd9708927a63dfbc1bd63a88,/ip4/198.135.53.194/tcp/9091
0x3ac10ad821ee4a4f5c603d0a3964a7c045946d78,/ip4/199.175.98.45/tcp/9091
0xd43d1770d63f9f17fa326c31641d7f18eae08d06,/ip4/88.217.142.242/tcp/49134
0x240bf2ebac2a027b740b77485753c17649f279e5,/ip4/109.79.4.158/tcp/9091
0xc1ac969049bd8e9ef91cd9751b59f57c52e766e7,/ip4/95.217.180.237/tcp/9091
0xe92ca8ba7ade195f35cee1303bf2b6371b09c798,/ip4/144.2.110.164/tcp/9091
0x4a257c0426a6c96e804ea12e6eff6bb23466f7be,/ip4/88.217.142.242/tcp/49112
0xe125b85b58309f0ec487c253fa03dc23f6d3c6ca,/ip4/213.196.140.95/tcp/9091
0x4ebd5fd634e8fc787c498cf6efaabab87434107d,/ip4/199.175.98.42/tcp/9091
0xb8af7695addeeb0ebfee0a2ed61e2cbb1f9314a1,/ip4/92.107.49.201/tcp/9091
0x7e2c3eeed52d2dbe5048f97698cd55db6e6c68c9,/ip4/95.179.125.104/tcp/9091
0xc7805889d2e00dd82c5ec1807efd66b2ada08ecc,/ip4/45.157.11.3/tcp/9091
0x9a86f3bcd7c5f18c68f6f8df492349d8eac7f71f,/ip4/49.13.74.226/tcp/9091
0x688e31178adbcda710e185edddceb0701fa37178,/ip4/95.216.210.22/tcp/9091
0x28a5ec8341f436cd8c207876898400e34e113c2c,/ip4/65.108.230.113/tcp/9091
0xdef0ed7434c4a283e966ba2e348465e26790265e,/ip4/173.212.211.175/tcp/9091
0x0f5b6460259a9c05d4f67179eef209ebe744b3d1,/ip4/78.47.116.221/tcp/9091
0xd0f7fc979f3802e439b908a40e20903369b55857,/ip4/157.90.117.125/tcp/9091
0x66d7dc54a0c61bbd3767123762f54a267cb4e57a,/ip4/161.97.74.99/tcp/9091
0xf3e7672a909fd8c113fc5c53dda1f38f79d7a184,/ip4/188.242.239.136/tcp/9091
0x97fa1eb248fa420edbadd64951acf711c2cc0cc9,/ip4/88.217.142.242/tcp/49109
0xeadb86a30e5f698162fdbcbcff6b67a4f6b79161,/ip4/89.116.25.155/tcp/9096
0x35addec9ce4f901daf667b2d26d64fb569da8b46,/ip4/34.159.20.69/tcp/9009
0xb353ca7e8f73fbfdd777774c8c441235e168461d,/ip4/35.242.216.67/tcp/9005
0x1b47d6248a1793098f5e54f65eff83150524f498,/ip4/167.235.77.121/tcp/9091
0x775175769897c0a46781b423c599f1b6a2b4cde8,/ip4/94.103.94.249/tcp/9091
0xe61e6fbe135f40c2d72670697d65553d0740ec43,/ip4/31.220.87.206/tcp/9091
0xa6ed9c2dd8095c75ea35820306d8c81e3750e71b,/ip4/157.90.171.6/tcp/9091
0xe12f85f55798f5aa50aa7d9d5c804a62bfa287e0,/ip4/212.51.128.7/tcp/9091
0x6ac2a689277e3cefeeff53c0752166956e6abac4,/ip4/95.217.118.247/tcp/9091
0xe98bd0fea40cbc211f0354c34a769e57b71b4f16,/ip4/45.90.97.78/tcp/9091
0xedef558bc413da83aac57df43c8c4de80efbb1c6,/ip4/217.226.219.16/tcp/9091
0xe9e76aa349e3ca33d37cd9713a64608cd029aa97,/ip4/135.181.43.113/tcp/9091
0x8fbc1256c4b974eae65840aa24ea67731361be56,/ip4/173.249.26.138/tcp/9091
0x51f4cbdcdfb3046be94825fe4a9c040951c33e7c,/ip4/194.163.171.180/tcp/9091
0x3b68e0b04346e26c8edbd32f64c19f15ce965d62,/ip4/82.136.113.158/tcp/9091
0x840397ee436391a921ea1835a22bea734b5fec39,/ip4/128.140.41.122/tcp/9091
0x5f2b29d02fc77d50b3de83b507409cdd81290075,/ip4/65.109.160.227/tcp/9091
0x861d83bbdda512e287c68012aed725d7908333bc,/ip4/95.111.242.98/tcp/9091
0x7ca010ee624b8186e98f41ec2fa6fa329700c104,/ip4/84.91.146.60/tcp/9091
0x9ff3b27f6bb7cbda60e28466ac9b62465ead401f,
0x9574c3ca46c33fd5a6527c255ebf2329af836d87,/ip4/88.217.142.242/tcp/49118
0x3c8d05cb1641573c0c436cef2afa000ecb78384e,/ip4/65.21.185.184/tcp/9091
0x29831a99179732a7210bd02d39f38d9052d59ddb,/ip4/94.55.24.2/tcp/9091
0x32eb0f2b89818e66e24d61bb7d3822501fa6941b,/ip4/74.208.88.147/tcp/9091
0x212cd2c474fa466d07d9482b0d64d82282bd8ebe,/ip4/192.145.37.48/tcp/9091
0x692451cac7c5a25902feb39d651915af5267d1c2,/ip4/157.90.246.202/tcp/9091
0xddf5b55da35983392243f82cc5963ef13fa0fd15,/ip4/178.18.243.30/tcp/9091
0x4aff092484e2e4b34f4ae573754c9475693287a1,/ip4/5.75.232.14/tcp/9091
0x2b91e1aea65a805835ff19e919167fed3df25373,/ip4/195.201.35.143/tcp/9091
0x17d0119230b2c9d84704b036f02528179085b0a8,/ip4/199.175.98.56/tcp/9091
0x4c4ebfb1d2e709455bcb1ea6d3893feff971fe1a,/ip4/199.175.98.66/tcp/9091
0x42daa938bd819b352043dd56024828679f8b57dc,/ip4/101.165.255.254/tcp/9091
0x31841807f7f809048b81e1b6813d4d930489e12c,/ip4/95.217.133.144/tcp/9091
0xdd0e3fb980cd3bf60d0941bad3f4f41d19ddd4d9,/ip4/95.216.171.1/tcp/9091
0xe4d33cbc725419c569017abf7f90098219407b2f,/ip4/23.88.38.231/tcp/9091
0x44cb62cacbe3f89f2d2103c6d6d2cb7e932e89ec,/ip4/85.59.152.72/tcp/9091
0xe0df78de4c76347341d7a0ddc76385c911e1886e,/ip4/124.211.204.86/tcp/9091
0x22ac1e1e16d37008b30e07739204fb8b63d050d1,/ip4/79.184.30.254/tcp/9091
0x02388daee6659cc844941c6f041e425fbf427d7c,/ip4/109.123.254.197/tcp/9091
0xc9cce5f92f1b26fe57237e986b522ca206b69395,
0x57278589b1d1ee484abce64443441e1692d541b0,/ip4/109.205.181.100/tcp/9091
0xa5f983ffa9cf535b4e628c9e8b339b370a072b7c,/ip4/69.197.5.11/tcp/9091
0x68cff38fa5d50b13734b1e8d7f26df7ef3bb3f69,/ip4/178.20.44.55/tcp/9091
0x0d0b51d1a3802ce467c86f19555fa90a621fbd0b,/ip4/73.86.249.105/tcp/9091
0xa1f5d6abe7c382dfba25ca8195b057a55f02f919,/ip4/77.248.159.123/tcp/9094
0xe94b1c60a88bb8a068ca72e1e72ded33cada33a6,/ip4/146.19.24.137/tcp/9091
0xf14bbb16a69396c87296c839926f5b224567ee14,/ip4/195.201.2.219/tcp/9091
0xcbd2a7c12637e18d1e8d1b15f4cee3ffd668ac0b,/ip4/45.12.214.213/tcp/9091
0x78bb675a7c8545efada71119a7670ba1bebcc9cf,/dns4/fdead1023fab357d.dyndns.dappnode.io/tcp/9091
0x339c59ae3326c6eeffecdd2c217d246700a0cf72,/ip4/109.201.234.246/tcp/9091
0x9ee6dc57ca61d3697d623e6162990c8f22857c97,/ip4/88.217.142.242/tcp/49130
0xfa7226c3819c828e0066821868e92757f6413be2,/ip4/34.34.50.142/tcp/9091
0xfbfc5497e511ebed91fb467fcb032046a5ad5e49,/ip4/34.159.20.69/tcp/9007
0x1fb193d864f9ef85e64e881e7c6f891303322a30,/ip4/103.152.23.90/tcp/9091
0x39b58817dc6b298b98c47e4bd0ca17ea8b29be19,/ip4/192.30.243.151/tcp/9091
0x87a317622368c26b124daf8511ef5393cb002979,/ip4/95.217.191.193/tcp/9091
0x55c5244e57106b3684dc8f7066465bd03778413e,/ip4/135.181.133.157/tcp/9091
0xb6f5cd3800237ec545a4b1956db71ebcbe7536a9,/ip4/45.85.249.21/tcp/9091
0xd0712b4663f3e31ed1cd8c395ae9f566e5436907,/ip4/147.182.238.232/tcp/9091
0x239cc030a535b80841aaa174fdf88edeef22f36c,/ip4/67.211.222.114/tcp/9091
0xeba02b9e4682296555faddaa301974a8e4fca771,/ip4/109.123.255.141/tcp/9091
0xdb7554b85426138e3a2af25133f36fd371f3d64f,/ip4/85.0.224.45/tcp/9091
0x8250a94ac2a929d3616210086327cd2544fca0f6,/ip4/199.175.98.58/tcp/9091
0xbe397df5097a0e4a683a664781b5082a1cbb3711,/ip4/178.234.75.70/tcp/9091
0xb1f6cafacf42a5b02406ca7dc3d5245483367ea7,/ip4/49.12.246.201/tcp/9091
0x69c7b020ac484caa2f9fd5b834dc5df027567b4e,/ip4/78.46.241.18/tcp/9091
0x1537bb61b8cfb92a704a45f09d76ed6e3ebf6b48,/ip4/142.132.140.85/tcp/9005
0x16f8f6a0b74c0ef9bdf2dc307ecab51eaf11f30f,/ip4/144.91.76.171/tcp/9093
0x2211494cc3086b9f4f2e30dbbdab9ab9349c8793,/ip4/135.181.80.245/tcp/9091
0xba5d3daa14bf1d067fb67c5baa45feb5db337e06,/ip4/207.180.213.232/tcp/9091
0xa2fdee485624a75c560229f0b4106f5a495a87f5,/ip4/212.51.146.55/tcp/9091
0x4737df1828b7c532d8e4627d2e141bcbcfeccbd2,/ip4/95.142.46.36/tcp/9091
0xc3dea6fd125e58cbdb747311c1e15b5b10fba684,/ip4/128.140.49.36/tcp/9091
0x3e93116537defa88f216035fd38ee791c7720658,/ip4/85.206.96.234/tcp/9191
0xdda6d72859875b6eb3facb0a2503d724f09d78ea,/ip4/65.109.6.119/tcp/9091
0xe1a852c5d1abcc9beedb5f1a1a3aafc360d8ece2,/ip4/88.217.142.242/tcp/49125
0xf9ae2dd6bb3b5e295252b28af2bd9c78a9d2bec6,/ip4/167.235.151.112/tcp/9091
0xbeff2cc006c1295cc3991ed58b6449b5c3e34b62,/ip4/91.211.83.251/tcp/9091
0xc1728d37ba8d8a265e0e9b561c4cc88793997ce9,/ip4/167.86.66.141/tcp/9091
0xeb3b49811de99bb967019cf1ea3b255dfbd6ca92,/ip4/88.217.142.242/tcp/49096
0xea7837b242a49b915142e012ba37aaa4f34c8093,/ip4/178.254.34.116/tcp/9091
0xf65d5a783f0ae17354495a51d107b8aa4b4f3a2d,/ip4/198.135.53.81/tcp/9091
0xfbde8674af04080b32c83360271b07fa3d7836df,/ip4/88.217.142.242/tcp/49111
0xecf5e00c15d4f76c1ab1e522327c530d104bdcd7,/ip4/154.49.136.78/tcp/9091
0x61c479d3715d1afe3080ebe2e8bc24d25ccdc24f,/ip4/149.51.211.236/tcp/9091
0x037bebadd20b11816c0dbf5ee4905addbbac932f,/dns4/srv20.mikr.us/tcp/40175
0x44356fc90957cf7d6922d306679f5093af340cf0,/ip4/82.16.232.213/tcp/9091
0xf768533933484563906719a62844eaec204e6da1,/ip4/91.65.128.220/tcp/9091
0xa6512ad55666e2cb9de50cd3dac36657730b0313,/ip4/86.15.107.119/tcp/9091
0x971d355b3195f278e197c787034cc95cabb02822,/ip4/173.180.95.128/tcp/9091
0xeca7dc140120e11390c9e259974ebb3c32ec956e,/ip4/45.153.255.222/tcp/9091
0xbdb61dd58780f9118661dda6568a8bc57128bd10,/ip4/85.206.96.234/tcp/9091
0x618c43f1cb1c6732722f2abdf3e19ccadac2c662,/ip4/45.85.249.21/tcp/9091
0xdce390b0b66ce5e628241459568fc29343038335,/ip4/194.5.152.94/tcp/9091
0x66aa2e074838ce3e617dbf14eb03bf02282cd522,/ip4/65.109.236.183/tcp/9091
0x16b16b9875f46adf46d052fd1f3cb78197744e99,/ip4/95.216.153.221/tcp/9091
0x115a005aecd1a656671806e78a2e3f6b8856b346,/ip4/65.109.137.126/tcp/9091
0x88df048a5ffe128d0e5877855610c1be6a64632c,/ip4/103.133.25.213/tcp/9091
0x8a17134fea9e00c9c3781dce408cbe3d7af0f733,/ip4/88.99.124.220/tcp/9091
0xb5ab3cec252abb73b9355b7f66a548387ab3e086,/ip4/90.197.108.62/tcp/9091
0xe2f89455ef21d387bb490242b98052f897c08dfc,/ip4/199.175.98.61/tcp/9091
0x478ff835d91becab32e51ea5d7a5df9b033561b1,/ip4/88.217.142.242/tcp/49124
0xfa822924998d59afdccd4ebc15ecfee08ec02f81,/ip4/113.161.49.177/tcp/9091
0x458996b0267c229999973c73bf313cdb285be361,/ip4/76.198.31.139/tcp/9091
0xcabce6d200dc1832715b9cb903cef554058d53ca,/ip4/38.242.149.45/tcp/9091
0x300280bbf63ecd05dc9b70dab395ab29a61b7433,/ip4/77.37.200.157/tcp/9491
0xa3d2e16de8dad665dfb0d706f527d127ab036b2a,/ip4/103.152.23.89/tcp/9091
0x323fa03f93ab5e93f6198d296dd47731ff151b81,/ip4/149.102.142.95/tcp/9091
0x1f41f502aee1b482c941184b45e347b69a01251c,/ip4/46.196.73.150/tcp/9091
0xe8e69e00d2a9aaf392c79d60c7355b29e480eb59,/ip4/173.26.37.190/tcp/9091
0xf7f53409422df728118be79120ab153fbc15f848,/ip4/71.11.39.224/tcp/9092
0x8edfb7afbc1c6e6105dff643b91d5f070fa4740c,/ip4/62.171.165.111/tcp/9091
0x764d3162a4024c5cba8817446ef563b27aa57598,/ip4/35.242.216.67/tcp/9010
0x3988e4c19d963afe97a419f7eea9946e0b326555,/ip4/173.249.13.193/tcp/9291
0x8ed7963d19eebfd388cdcf903db224a7fad747d1,/ip4/109.255.4.41/tcp/9091
0x17800c2e3f0d73291c73338a0c41241503ac59ef,/ip4/109.199.102.173/tcp/9091
0xd1ab9858f832ccac3eb09e9916398aa9bead31cd,/ip4/194.163.158.155/tcp/9091
0x31c8025631a724b75a8328e7b07bc22d0904fd93,/ip4/142.132.140.85/tcp/9025
0xe268fb0f4902ce563c7c60f03d047b7f76404b8e,/ip4/82.64.141.86/tcp/9092
0x7fb30ab79c3de4f89c847d9ae8fb291982c81051,/ip4/178.18.245.218/tcp/9091
0xee33c72ebb9393693f60dc2ba01c48662cbef414,/ip4/116.203.139.201/tcp/9091
0xaa5d1bfb3939580f85ed54b8fa28b1f6258e5204,/ip4/142.132.177.20/tcp/9091
0xec54db24d65d2ef197f705be3f1181af266d820e,/ip4/95.214.55.108/tcp/9091
0x6c8ba288e21c49bfac50b1d79d4cd725dabfeb4c,/ip4/70.172.183.84/tcp/9091
0x2137035d5bcc96030c8bdfe1c579b6b755df89c1,/ip4/173.249.13.193/tcp/9191
0x3ceeca52780d461ff745fb58683dd4a99712c870,/ip4/88.217.142.242/tcp/49093
0x30de3e5ee2fd8ee7e3269025f2815ffbfb707962,/ip4/34.91.95.97/tcp/9091
0x71947d541c82a67765fe5cea3a1ce3c1d26e735d,/ip4/213.196.140.95/tcp/9091
0xa23c1dc7c56b156d7e77ec820867cc80ff624258,/ip4/167.235.146.69/tcp/9091
0x09de5dc988ee5655a996555043f48b68bcbb7f40,/ip4/198.135.52.168/tcp/9091
0x45fe00f58090be9e891d749afa5fc159cda325a8,/ip4/82.136.113.158/tcp/9191
0x333f980cfc3e2cb0729bcbb05bd400ee3ef2c836,/ip4/88.222.35.45/tcp/9091
0x137881a29b8a35c650fbccbe070136c3abdd1b73,/ip4/138.197.182.20/tcp/9091
0x361ad34711385333999e360eb7202bf81012e422,/dns4/91dcece90769cf26.dyndns.dappnode.io/tcp/9091
0x0825bf8ee82f0c0f80f17cbfa2d4f278900ce64f,/ip4/85.234.6.79/tcp/9091
0x967a9fd6103ede605b31dd90ef761decba3f74f9,/ip4/144.91.68.55/tcp/9091
0x7487724d48ed0c564722dee27b1302a79936c555,/ip4/5.78.41.196/tcp/9091
0x9833e8c2ed94771128d1e9af7c8af004ae3bc5b0,/ip4/23.92.74.26/tcp/9091
0x62e54b2cef7935bf6dc7eb9e14a908154e7ebc7c,/ip4/5.45.105.104/tcp/9091
0xd0efcba0adca6e179461064c4efa6b88cc2dcae6,/ip4/76.82.225.68/tcp/9091
0x3d6e15f18eb1bb8a282626f1ed09cc876586fe3f,/ip4/161.97.73.116/tcp/9091
0x455bcbc273f99399ec10642a2e7253feb0c128ed,/ip4/192.30.242.66/tcp/9091
0x1c27d749edb6c35518d16c95a3236db08be7b63b,/ip4/107.155.114.146/tcp/9091
0xff8c34988d2b0acd6d4a69416423e3902c83e121,/ip4/142.132.172.235/tcp/9091
0x9a9fc872bc36a77a0120a5215ca6a6275204a716,/ip4/185.241.151.122/tcp/9091
0xaae2c6166fe33f3b42d4bab94fd78117c410db9a,/ip4/91.107.218.226/tcp/9091
0xd0bc78b930891c9518698458306f45549310444e,/ip4/88.217.142.242/tcp/49107
0xe5760a46ecb4c2ae06fa74684327275f5d604760,/ip4/88.217.142.242/tcp/49132
0xd88064f7023d5da2efa35ead1602d5f5d86bb6ba,/ip4/135.181.133.157/tcp/12102
0x77f016a4a842cc39684d42adc2ab8e89ea19e1b6,/ip4/85.59.152.72/tcp/9091
0x451f33ff22793b876664790f23f7def26b9e90d9,/ip4/192.30.242.140/tcp/9091
0xf06b3fadfd79b9e96e6ed9ba11d02edb8864d0d7,/ip4/185.230.138.210/tcp/9091
0x6c7f48dd8d8b06ca6db651e3bfd841414bc8c0d0,/ip4/194.163.135.43/tcp/9091
0x144321087e4448e899579c29a5588a463be3ac5b,/ip4/82.193.227.94/tcp/9091
0x924bcaf3d48e0bc002d80971f7c76b24ae90d723,
0xf2a6a4720e1df843aef30c9528bfd3bfb3d9c6d7,/ip4/45.153.255.217/tcp/9091
0x1efe4f94da99d7030e363a52b3ee574143e36042,/ip4/78.47.78.215/tcp/9091
0x2e92e657f12589f80adb4a4c345f92eb4a1ce041,/ip4/89.116.25.155/tcp/9095
0x6d4a527bde390cf5ca6cd694cabbe26b534ee861,/ip4/65.109.128.17/tcp/9091
0xa4d8c477d47bfa690ee6d619b565623b8ce1af50,/ip4/77.73.131.178/tcp/9091
0x875c6557f144b9988c820ee98c9ace6c72b7cc8e,/ip4/45.76.177.147/tcp/9090
0x4c3af075e46a143e0829991e6acc84629173e503,/ip4/95.217.237.141/tcp/9091
0xe7b5401be65aa2d83417990f9e5ef0cdf88c7381,/ip4/95.214.54.198/tcp/9091
0x6a95c90fc12e830875b628b8c9b537c64275b5b0,/ip4/77.248.159.123/tcp/9095
0x16f417261c4a86a41f530d1f8734e48e4e70acef,/ip4/199.175.98.47/tcp/9091
0x50ac7ace3fc402c45eeb6c6f7926e14ecb06b503,/ip4/159.65.226.159/tcp/9091
0x1d41be38add28cf0899aa2227123b76b1bdb2565,/ip4/34.141.230.1/tcp/9091
0xb3b3bc5e4a41865dbf321903ed2787e3dd8ac04e,/ip4/38.242.129.41/tcp/9091
0x69b4093ab9343a39e727887858272699ea645959,/ip4/90.91.139.121/tcp/9291
0x7ca87862ab3e59f19bf9a75945ddcba207e1f4f4,/ip4/91.132.145.250/tcp/9091
0xf29570adc974dc432762b952846cd7e354820d66,/ip4/192.30.242.67/tcp/9091
0x26323877aab52f90c5da19b53320c99627ab2bfc,/ip4/192.3.86.30/tcp/909
0x37974654c08ff0c572601fc42273dcc510d493d4,/ip4/164.132.202.189/tcp/9091
0x7978e8b1211aad990b78689459433ccd605a7471,/ip4/85.206.96.234/tcp/9191
0xc2e45807f3bb208fa7f55c634aa414904af4f1dd,/ip4/35.242.216.67/tcp/9006
0x8e7969d78655daef391fe1ca0ae300bcceed272f,/ip4/51.91.252.191/tcp/9091
0x8b794dd4388b3b6deb86637d7ead080874534bc9,/ip4/149.102.140.181/tcp/9091
0x56096f9679d18106d20cb2e32f68d7ab89d24d62,/ip4/198.135.52.125/tcp/9091
0xadceb19f40ddc3e8450b44759288d0b61445bfc9,/ip4/65.108.62.69/tcp/9091
0xb6cd03bead030745b5d65071e1de18434b7695f8,/ip4/157.230.116.16/tcp/9091
0xa15cf11a07ef6a4949cf240a41705a9866c8ae65,/ip4/91.13.92.37/tcp/9091
0x3675230a07eaccfaadaf9f3ede472b69a75d9b4c,/ip4/88.217.142.242/tcp/49103
0x2c25eda3cf58910ab639c89c304065869e641f9f,/ip4/68.183.208.250/tcp/9091
0x263268d17c8f0edaae8948c65a8a0ddd33d497ff,/ip4/65.21.158.45/tcp/9091
0x828453e48ba210731beb9dc7c880e734602a6033,/ip4/65.109.33.71/tcp/9091
0x5507647fa8bd3e740863edbd9a82840f25516342,/ip4/85.59.152.72/tcp/9091
0xc2ccf2edbae0adfccf6436615ab80ade9199c478,/ip4/198.135.52.166/tcp/9091
0x5524ef16da442a1dee2d59196ebde1b6611fc697,/ip4/5.75.176.68/tcp/9091
0xb8be98e33b43eb0272209844f6d01cc840b80464,/ip4/159.69.222.16/tcp/9091
0x198033ec4e77bde482f705e72d153893ff84cdea,/ip4/138.201.94.108/tcp/9091
0x71a8aba83828a6c87da182f494c9a4cdd25cff2d,/ip4/199.175.98.46/tcp/9091
0xc416f6e193bd0aba0052cc1c4dc05a89b7b77429,/ip4/85.206.96.234/tcp/9091
0x59ce1a7f3904897767a29c7382ece6d319a7e86c,/ip4/49.12.191.159/tcp/9091
0x8d1ca9507bdceadd0e772c3ee3b7d401a377a00f,/ip4/145.14.45.80/tcp/9091
0x32dcd61fe24d532ac58071e9620e0f21a842c1c7,/ip4/89.111.15.134/tcp/9091
0xb5fabf7d49f5b56eef20b713fb801496e9280660,/ip4/95.216.202.238/tcp/9091
0xdce8eedaa15364048c226311369851608be3d984,/ip4/82.64.141.86/tcp/9091
0x796412ae48305136cfba97efea39c6233cdae0b1,/ip4/95.216.171.1/tcp/9091
0x8cffd652db8418e0600ec8ad5a2c9e29a00e0f17,/ip4/135.181.204.229/tcp/9091
0xfd596ae8b4d934588183e43150f64f476e9cdefe,/ip4/84.247.173.167/tcp/9091
0xfd78faf444e04b3ced8ea9647c16c0fba1e68b83,/ip4/34.141.230.1/tcp/9091
0xe19f3f16630c45fcc930f26c166fee50bc23b378,/ip4/65.109.227.57/tcp/9091
0x19e224276349c2605df7d62d779c357e8acdf39a,/ip4/2.59.156.231/tcp/9091
0x5d031b37698f65fd01a687425bd80abb30739352,
0x94462fabac6f8e7c8d577e731cf55630eceadb62,/ip4/89.191.226.198/tcp/9091
0x7ba66e67aa0711f1c3dcc06f8b9641d443690f75,/ip4/199.175.98.65/tcp/9091
0xa13149d1682f1ecefbdca840d283a08f4652bc8f,/ip4/85.206.96.234/tcp/9091
0x334001c178735d56aa7f12de68b027c94df2c08d,/ip4/139.180.206.18/tcp/9091
0x4663c9beee1c95205dc79a0d7c019753bc9e4759,/ip4/89.116.31.80/tcp/9091
0xb4178ce298aae2e6b6259eb2a840b4ab0bb0052e,/ip4/207.180.217.9/tcp/9091
0x9b1d383de777826e74ff70a25039f814310fcc3f,/ip4/88.222.35.45/tcp/9091
0x93bb7b38c0886f61874f396383d397f9c78c02f2,/ip4/198.135.52.124/tcp/9091
0xbfa5fcab2b5d334f490edde02074665119e673a3,/ip4/198.135.53.12/tcp/9091
0x9419ec8f7b5efe69d1d3dfe963afb341719c32c7,/ip4/95.217.67.130/tcp/9091
0x64f60e33c64597ad480f9afde91ab5576147c3ca,/ip4/51.77.213.186/tcp/9091
0x10eb2d628f678b4a1cec53fd89129817d7823723,/dns4/86.180.46.234.84/tcp/9091
0x880f8befc1aeed187c1e5ead9cd4da27ebfa0da4,/ip4/135.181.133.157/tcp/12101
0xa1aa996869e2f5f76a31c8f6f044500e4feaa57b,/ip4/65.108.52.164/tcp/9091
0x82a84eb4d82e56dc9b344bc28e3ed1d004fdb066,/ip4/178.254.34.116/tcp/9093
0x1098bc835dd403e3c9b87c2470bfe8b5fd8b5ff2,/ip4/208.73.202.166/tcp/9091
0x25120e5ae327796c84c0c7b5f261f24cbf526e24,/ip4/86.48.3.52/tcp/9091
0x1f3d60e551c682ef35096ea299771e6b68b2ef5a,/ip4/161.97.73.248/tcp/9091
0x0f1d070541d7862485b3534c53f9e337c5b6b9c6,/ip4/45.10.154.241/tcp/9091
0xa8e21130fa155002a24a3cf77f66d735ecc24919,/ip4/77.248.159.123/tcp/9091
0x591ecbc5db6b20b8a93013a2c29cad044cf6390c,/ip4/61.6.152.206/tcp/9091
0xe848bf77e56cd9d1a3b1fc9814c31a7337b78b02,/ip4/198.135.52.82/tcp/9091
0x016f6cf198ebc291ec2aa598cfc271209a999da8,/ip4/49.13.53.64/tcp/9091
0x5b6c6933c197e072958a98f1796449ef0401986c,/ip4/162.55.33.4/tcp/9091
0x8229f7c2397a0cb113c9919c5b6b3b69ae3b0c10,/ip4/88.217.142.242/tcp/49099
0x3705378f4133eee4e5c19d285afe92794d95f220,/ip4/116.203.99.13/tcp/9091
0x42511fbd05412a3e937c2234c86399404e5f5c3a,/ip4/185.246.84.170/tcp/9091
0x555b3459f7b66f4a8d1b1b843f9d79b45fc184b7,/ip4/51.83.239.99/tcp/9091
0x3b2dff4d53cd698d1868984e5cbb7b4bfafb68c3,/ip4/199.175.98.55/tcp/9091
0x7fe7e556cc7516eadafc4cbd726386ef28c9f87b,/ip4/95.164.87.145/tcp/9091
0xb232a90757eecad861524b551b43ed1d6c492b5f,/ip4/157.90.241.157/tcp/9091
0x505cad265f1b45552efd83f0f1ee5a5b45af0ed0,/ip4/158.220.123.152/tcp/9091
0x724f67a1bd00eb13e12137fd9800c9c5a69157cd,/ip4/77.248.159.123/tcp/9093
0x2bb459af05a2c5f9ba06968af0133d1852d5c347,/ip4/64.20.35.34/tcp/9091
0x6bad5512ee482d8d008672ef1dcfb632c46e2b6f,/ip4/13.196.140.95/tcp/9291
0xe3fb1a21d28adb60270a2aa1846b793e04967130,/ip4/86.15.107.119/tcp/9091
0x0ea2fdb37cde4d618b42053a08a0486bb510d4e8,/ip4/88.217.142.242/tcp/49131
0xba1ae9f7e669f4b0ff0c2bb767fe0eb152eeb8d2,/ip4/88.217.142.242/tcp/49135
0x64e00e00b13d9cbfb9e511cee39564406ab02a2f,/ip4/178.254.34.116/tcp/9094
0x18c19cdbdec7809e1eed46aa394df008c6e6ea2f,
0x442aae8bb83170640ad6370f090b5b9a80533cbc,/ip4/161.97.155.191/tcp/9091
0x07a52c8338edef4b6d3a180c1b75815469ff3a46,/ip4/49.12.131.50/tcp/9091
0xd08102df182c3964972389e3dc344de3351f93c7,/ip4/199.175.98.52/tcp/9091
0x2d478becb07961a97ed3aab4cf8bccaad88899d6,/ip4/198.135.52.102/tcp/9091
0xf540186138d574d04cbbfce2da121e5ff17b41bd,/ip4/89.115.178.69/tcp/9091
0x6790f4e0bc9ab7618f0510ddbc0faa6d666424f3,/ip4/88.217.142.242/tcp/49116
0x800b8f003c3c97eb8815c99d160b99a352ba1109,/ip4/82.25.27.227/tcp/9091
0xb9157ba4963f07b15e6faa9bc3896650f0f7dae6,/ip4/154.38.160.231/tcp/9091
0x9bd3c1c34a5599a3e0789453ae1f5f50fbc78c27,/ip4/184.174.33.224/tcp/9091
0xc2d28a051fcedd397c7e5489f82d113f89eb4456,/ip4/194.163.142.159/tcp/9091
0x6f9b56d7e8d4efaf0b9364f52972a1984a76e68b,/ip4/5.189.142.18/tcp/9091
0x4be394bd65d37e8bb2a94c3d6851ea3c3ac721f2,/ip4/31.220.80.119/tcp/9091
0xda3b9dd18d8a811b84d7f8f39e5d2a684e99a374,/ip4/85.206.96.234/tcp/9791
0xb362455cc4c3c832959ac684dcfd7de28fb4a88f,/ip4/164.68.104.9/tcp/9091
0x8060a0ee87f8462dd8619465f873dcc876b0e6e7,/ip4/167.86.100.8/tcp/9091
0x1408f03bdebf0baad7d66e9a20c42bd7e32aee16,/ip4/88.217.142.242/tcp/49119
0x0205c8549608b2facd162d14b445753905462a74,/ip4/194.163.143.235/tcp/9091
0xd0f4aebeef9ff6ae34d65478fb9c23b193a2982d,/ip4/148.251.82.239/tcp/9091
0x1e7b37cf0c3c4d49f85a3baf599206e9da313e2f,/ip4/85.208.48.246/tcp/9091
0x5d5c6a0f59c8c695d98fd71f0bfa050891a5ac82,/ip4/185.66.244.110/tcp/9091
0x3fc1fe7e7be3e8a4bc4b78e0a5cef5b5f9349958,/ip4/199.175.98.48/tcp/9091
0x4a46117d68bcf00171b94b9c864f9acf0a9d67a9,/ip4/65.109.175.196/tcp/9091
0x9fdaf46ce5dbb1e90e287d37aeaa6d1fccbd05cc,/ip4/167.235.132.63/tcp/9091
0x646793076db8701b0e071284724711176faacdba,/ip4/89.116.25.155/tcp/9091
0x5fd3761cf7b65ab966026d04124be1b56b52c173,/ip4/84.80.208.32/tcp/9091
0x7654aac9fe6f87a5af82eeb816b01bfd7e62f901,/ip4/194.147.58.87/tcp/9091
0x5c5369a112b60fd3c35b46bbae41ca246de31010,/ip4/71.11.39.224/tcp/9091
0x49c5b3535f6263a607c43f25c5166f071a6633bd,/ip4/88.217.142.242/tcp/49133
0x187965cd27f9bbf53fcb6ee7ec39b3dac7575bc7,/ip4/31.130.34.94/tcp/9091
0xa43def23d3ddb3434fc71fdf0a0dc98993d513d4,/ip4/192.30.243.152/tcp/9091
0x22ae95b16698979fe729ab078e2d32b8db371c6e,/ip4/95.217.219.68/tcp/9091
0x3a0aa960d9adbf5feb9347aba953fdc6da8de9a9,/ip4/95.216.170.194/tcp/9091
0xf95729980585ea2ea8f0721ac554027b26572b0d,/ip4/199.175.98.44/tcp/9091
0x00657402b16638a8bd5e50f746be5b9d4e6c9140,/ip4/88.217.142.242/tcp/49106
0x06eb8e8fb1424cae7aac09ee3412e6b4d4c88c59,/ip4/185.231.204.187/tcp/9091
0xa6645a33b9237abc1d7fa6be8ed8478148a8da1e,/ip4/68.83.50.197/tcp/9091
0x384f1cc402ab63b76c8d8e9580eb72fde37ade3f,/ip4/38.242.246.207/tcp/9091
0xfecec960b0866629c17d88cd65c50da8c0862878,/ip4/149.102.136.142/tcp/9091
0x015edc89452ceca797e4055e7080c1cb58278349,/ip4/38.242.129.41/tcp/9091
0x289a1f807105f4c463f92c5b3b89d091b37d4905,/ip4/135.181.92.114/tcp/9091
0x745e51596430bf63e73fa46334c376b0dfc36c6f,/ip4/49.12.190.196/tcp/9091
0x58db70098a4ead32b06fc0388aa924feb7d18ccc,/ip4/95.216.163.105/tcp/9091
0x17f30219916e538286e37a091280972e57baebb8,/ip4/194.62.96.198/tcp/9091
0x9017efd4c75a23908e0f2734b722e15eac72984e,/ip4/167.235.154.3/tcp/9091
0x6d74ffb30f302db3f706b15f10a14f52fa991f41,/ip4/116.202.21.21/tcp/9091
0x507ca32ccf26b6cfbe4b94a7b0beadbd33134cd8,/ip4/46.151.25.40/tcp/9091
0x7525ba5fca8d0d7251fded2fa62cb8d7f2018f85,/ip4/185.246.85.4/tcp/9091
0xb23445f9c07a08dc17fa115ff223245f921f17b5,/ip4/144.91.76.171/tcp/9092
0x37fac67cb5c79691700ad510245ae38003204227,/ip4/88.217.142.242/tcp/49097
0xc5155b45689c10ae3e43259cd7b8e71ef9f43f03,/ip4/88.217.142.242/tcp/49121
0xd3c824660a782411d455fbe821ec788f0c271fe2,/ip4/135.181.107.160/tcp/9091
0xd5c61d4d58d25bac08331c27ee3dbc6d29d0f6aa,/ip4/164.68.118.10/tcp/9091
0x23173cf8fd8ca828005772a301f603cd1ee5cf5b,/ip4/199.175.98.63/tcp/9091
0x74e0bae141c0343aac457898d7baa23d9d7ad8f5,/ip4/88.217.142.242/tcp/49129
0x80eadbdcc02d1ba48b7e417dc5088d32af240ef6,/ip4/188.115.19.164/tcp/9091
0x116988d1c33a7160ae419920592ec2c7e8bee3c7,/ip4/128.140.81.41/tcp/9091
0xf0141a26ee50c79937ef3be4ee52a31ffa695d4c,/ip4/38.242.251.1/tcp/9091
0xb72ba7ed39d42bbf43c556352b7f878ea9f9f9c2,/ip4/95.217.4.144/tcp/9091
0x6100066e9e79a9b5736b3b9c59f9d81a4d18b705,/ip4/65.109.3.153/tcp/9091
